Model,Accuracy,Macro F1
Logistic Regression,0.884859990507831,0.8731558047756351
Linear SVM,0.8845752254390128,0.8707536365452717
Naive Bayes,0.7903179876601804,0.7679304410180744
